{"payday": [1499889814.0607686, "?payday", "238994141399351296", false, "on", 300.0], "spam": [1499889688.1790943, ".d 1", "297911822260895746", false, "on", 60.0], "Tatsumaki Daily": [1499900748.5174303, "t!daily", "247824731494023169", false, "on", 86460.0]}